"V1","V2","V3"
1.095483,-0.5810313,-0.5056509
1.122748,1.081035,0.9180251
0.660820939821372,0.488793165700893,-0.457579812239921
-0.439255,-1.102167,0.3325292
0.4495245,-2.030433,-0.1072942
-0.323680627200868,-0.141779948264644,-1.18392640364342
-0.309999313562439,0.0419998230871989,-1.56766444459926
1.36411688097033,-0.537115672080642,0.651360216006773
0.1096248,3.339555,0.1525015
-0.2106189,-1.5274,-0.1940321
0.132057041960061,-0.806331267732319,0.0863681718925323
0.7292526,-1.076354,0.6307207
-1.04760705199508,1.22570300125309,0.305106353638424
1.648013,1.419472,0.9733142
-0.2519986,1.058369,-0.2993215
0.4880129,-1.898678,-1.214836
1.23155232584117,-0.968926833028283,-0.571285759406204
-0.431828756694154,-0.806024608568545,0.88488670002783
0.916431634896448,-2.30938325325982,0.200043859417382
0.730220963944484,-1.42869117477102,-0.595939691260291
0.2858462,-1.764425,0.2301705
-0.622012677078948,1.33594422879705,-2.06478779028779
0.292553427775167,0.793398263481573,-0.449771531368857
-0.374647967797539,1.03497361709434,-0.692715894482586
0.5830862,-0.2730577,-0.1593275
1.698258,-0.403763,0.7533194
-0.860169252115191,1.50276107891727,2.20521113265509
1.30052148819289,1.89074615017843,-0.0381562958196387
-0.0735070896787126,1.73928000014632,0.27541503096886
-0.5651942,-0.2223507,0.6687663
0.535549453574556,0.267579040287856,0.052120055125017
1.698595,0.8500309,0.5918226
1.66680576199853,1.19902007308034,-1.18873278099458
0.279291549873278,-0.765876563528622,0.119219993441023
-0.515030327116861,0.323799026477028,0.780213035993754
0.651070570463574,0.423635201781302,2.12983926416131
-0.566903,-1.362629,2.072547
0.756803786650473,0.717474976176122,1.14998954966989
-0.123149160859817,-1.5113974130647,-1.6040349203906
0.254208534095198,-0.634795829587773,0.941857853150207
3.07756682529573,-0.046939323915827,0.533315390417077
0.74892133871251,0.842828595752144,-1.16311181459674
1.60988,-0.7901509,1.053414
0.129798378008261,-0.0568440056924719,0.468529736094364
-0.2174444,0.3872444,-0.2044274
0.681306977662303,-0.399843900962312,-0.116890353921355
-0.118148633084976,0.593778402425195,-0.981449452231795
-0.2491131,-0.1256498,1.286069
1.385299679631,0.698862602342243,-0.294725745795485
-0.81955347186155,-1.56861903196374,0.0951119962803784
-0.0451744442628524,0.015892478741781,-0.678365220228243
1.05470523935575,-0.165951700598269,2.05537223934809
1.257561,1.31085,1.692069
-0.726111348306703,-0.133217243483116,-1.01727179310823
1.01570088176951,1.24197104790405,2.57683458758092
1.11217605777775,0.021526547198896,-1.04865742826748
-0.337297061097113,-0.813947820114545,-0.159295830848014
1.10657263332956,1.139503847889,-1.07868246463141
0.872943553550677,-1.40492842249071,0.0631919466352202
-1.05893572203882,-1.88493942207181,-0.794308151406604
1.480692,1.153575,-0.1213787
1.11343313911486,-1.81758568167974,0.606766108531075
0.1980723,-1.068897,0.1418586
-1.02858,-0.423663,0.007182644
0.7774278,-0.8212829,0.8971987
0.282999179935414,-1.93249041935257,1.70565517624612
-0.804596928644144,-0.543667593107753,-0.146093277065404
0.918053323063508,0.942089338456813,0.152405741990438
2.31829901992172,0.479733256845618,-1.17266649801267
-0.515079161260886,-2.1305449217547,0.179307062431008
-2.32481123656714,-1.61117771661488,-0.326338248824325
0.5634303,0.8966863,0.3146317
-0.949624291823464,1.15061716470456,0.0320326438703995
-1.21242387700398,-0.781787422995971,0.82600713322098
1.23285914496814,-0.378923283464451,-0.624203724338911
0.438289427039799,-1.04770420324748,-0.801265826029365
1.255158,-0.3151617,0.5286407
1.28394800187278,0.309578746655267,-1.01483212268515
-0.599268755746209,0.135293025240828,1.82239872357598
0.904044483509225,0.770267894746434,0.00626324833859929
0.177842218404412,-1.2193568922582,-0.771482345447754
1.050652,-0.574609,-0.8155669
-1.25340531579483,1.43496418125565,-0.919973761629399
0.724864359630896,-0.399225035721614,-1.25575197307078
1.32259417533737,-1.83359697449756,-1.17120657342525
-0.476500548434581,0.0858054838938696,0.108817331092444
0.9276362,-0.5030704,0.4246073
1.00404341001979,1.88030755755155,2.2527282592301
0.59619984712276,-0.603660363136717,-0.0300429600521557
1.19722467606599,1.08536175196402,1.03176285220989
0.348953750418724,0.686438269041128,-1.5217780271929
0.89508559314862,0.143808390007289,0.924214572555304
1.533617,0.04472013,0.90639
1.37494,-0.575828,0.0110511
1.313114,0.3185032,0.1061173
0.306178294860034,0.0661122868952514,-0.974586233156606
0.275443723059304,0.520677668470889,-0.454442489294263
0.477736644961171,1.64626181110142,-0.0390981739636595
-0.0818798476930516,-0.301965684740915,0.876327824074528
-0.4300646,1.604208,-0.273594
-1.00250780163639,-0.669678172265043,2.2613025536599
-0.06589923,0.8077318,1.247933
0.290518261122681,0.553474724015393,0.296480599333688
-0.9348276,0.323319,0.3583144
-0.3121653,-0.3041525,0.3182857
1.489097,0.3546339,0.7871274
1.57745738759054,0.604105796292604,-0.324561378426706
0.1503565,-0.2449995,1.274819
0.7832091,-0.775259,0.385774
0.8255304,-0.793518,0.9904504
0.5947706,0.7214488,-0.3833702
-0.526235622349818,-0.807911995831841,-0.354316016523087
0.272381221246264,0.651206818301695,0.409850630771995
2.605545,0.8725395,-0.02886226
1.41682683471578,-0.823922077575777,-0.199827802625227
0.968060203940298,0.364652858761191,0.448522074931554
0.07196141017761,0.626788434773751,-0.867092965790366
-0.6325392,-2.025389,2.632798
-0.455878251405579,0.495139817007775,1.26031719247015
0.439664721429788,0.477411757593953,0.856347551169578
-0.2513632,-0.737309,0.6693268
0.104523859411147,-0.522674164839744,-1.37398335218669
0.466938800529551,1.8313334747848,-1.96567477238673
0.7523022,-0.5363219,0.1029267
0.297766717807828,-0.910590028119496,0.480208931691651
-0.6464594,0.7751726,0.7622823
-0.984483212405411,-0.404024376056363,1.16383435633868
-1.268638,-0.6139526,-1.495993
0.4072713,-1.323852,-0.05236762
-0.356441709081111,0.248900694000155,0.204788518218694
0.8108704,0.3404763,-1.0468
1.42685582829935,1.19530978382194,0.0559453139935802
-0.9141028,-0.05639003,-0.7797772
-0.420716252618736,-0.291534798270366,-0.499915564775803
-0.797843673560854,-1.09661779404931,0.822333906609191
0.8986513,0.7696782,0.3078303
-2.987416,0.01636803,0.04983157
1.39192275511928,-0.550362608722886,-0.921147912803922
-1.54927952435673,-0.118383818322629,0.210532444004306
0.855120180130337,-0.573515292144322,0.501409254523144
0.9504569,0.2406864,0.5523951
0.229616327670053,-0.0854636128831689,-0.0983082595109457
-0.9581803,0.7911738,-1.244028
1.40104,0.02908852,0.6602437
0.0802134170886425,1.77697640103017,0.234076521897376
0.8824338,-0.7217602,-1.110099
-0.214222658658087,0.443641031722905,-1.47872525030782
-0.525577954025076,-1.44552264611917,-0.598103351077996
0.377689718310223,-1.14571947666488,-0.784533705417479
1.72302320973154,0.447516452852,-0.0330555985496445
0.2089013,0.8468446,-0.3171986
1.842234,1.013946,-1.258108
0.665856988141485,-0.0302206942899122,-0.72442404356338
0.395505365626284,-0.191746127286336,0.0862567457984619
1.56632462054165,-1.01657616187046,-0.00642913045773951
0.824410289332767,1.67989121218828,1.16074926550025
2.107165,0.1771835,-0.5984453
0.816618871154181,-0.980898912006551,-0.0294864208926339
-1.151967,0.1780327,-1.084846
0.243737942527324,-0.285990688567565,-1.29842935370781
-0.147686723739001,1.18080774921765,-0.0927351890976092
1.01228660235232,0.0164960080107737,-0.0296970232896227
0.5587265,-1.282302,1.591277
-0.4419173,1.435287,-1.366026
0.870308099207066,1.75360140745897,-1.07907185617182
0.278915127342227,-0.137139185921392,-0.0236017992469115
1.90156495048084,0.165391648300669,-0.149979811753087
2.298044,-0.241853,-0.5373935
0.760177665022408,-0.00685660686343205,-0.675581551618211
-0.1927757,-1.460757,1.542246
-0.2338995,0.3553707,0.5492007
0.297025610845191,0.191416474223062,0.999656258255286
0.538096404939672,1.92993484666898,0.605250432029818
0.676637217370681,0.294854306670653,0.492004008695339
-1.23838737334759,0.043248085708082,2.69640888783603
0.1668101,0.2976101,-0.03602447
-0.272051341685754,-2.08219354049448,0.0960853999445193
0.0128765146606773,0.339132782052612,1.57061853023047
0.158135568225352,1.63218152094559,1.34471262694354
0.536089643427472,0.568680089730006,-0.191397345491704
1.480875,1.288603,-0.521425
2.45620084662906,0.117197821603086,0.798137967762287
2.338264,0.1293593,-1.630401
-0.931830122390633,0.266626980782354,-1.55368943004602
0.674542239005626,1.00475828771725,1.76798357107772
-0.746253,1.161991,-0.1286304
-0.3427064,0.871568,1.334672
-0.6863563,-0.6089564,0.05695702
1.04090889486567,-0.271766774353518,1.27905017432633
-0.160907874415368,-0.539809774567079,-1.30199197763737
-0.429978838694188,-0.232873305920235,0.185540440334886
-0.148941370274733,0.0832052504546368,0.432957206071184
0.9199181,-1.946116,1.344559
1.024551,-0.7127536,0.5550665
-1.675844,1.042596,0.1219438
0.425452781868544,-0.630197545171885,-0.0843907708293667
0.653970890565347,0.672996649469907,0.66604971760646
0.0892285801136325,0.130325739237628,-0.246751155866326
-1.55409442637458,0.469537657495886,-0.372692321624274
-1.1776,-0.547888,-0.01570225
-0.2663693,-0.229064,2.138015
-1.070688,0.3990257,0.516435
0.15098414337681,-0.776954421333153,0.0942508097356324
-2.19651073053901,0.475057905519274,-1.23261142740753
0.727053948046586,-0.0349997867960379,-0.726729402301808
-0.4123515,0.8778065,0.03850576
-0.436538781316227,-0.47590096286011,0.322094205859234
-0.667854,-0.6236349,-0.4369521
-0.683443972275128,-0.4998846287807,-1.4074407357768
-0.2429699,0.01129948,-0.2347516
0.8713751,-2.1696,-0.3292781
-0.511660559809616,0.495376988772308,-0.332789723360039
2.63210660035084,0.204103065892421,-0.0813638130675737
1.52091683120304,-0.202293212323722,-0.669669713374808
0.8866344,0.3596955,-0.4752979
1.05388326962301,0.935896685843732,2.6808377256862
0.496070420561456,0.83758282641015,0.53779852769097
1.404503,1.765591,-0.8167496
1.09805536313372,-1.70744233133072,0.768502152954984
-0.821305740079693,1.2037469713978,-0.937942179447879
-1.01056871896207,-1.01885498865144,0.620062161758275
-0.3589617,0.6744633,-0.9658416
1.715036,-0.327741,1.941582
0.2651795,0.7431856,-0.228444
0.6628418,-0.1405434,-0.2690146
0.587424897912005,0.237497927727555,-0.251690010996593
-0.297996964578651,-1.2345353138228,1.12489380327352
0.5793015,1.059787,-1.095069
-0.6819538,-0.2500138,0.3646526
0.200797411572737,-0.36477300114263,-0.00533307874437884
0.1611893,-0.1509038,0.01063129
0.2643165,0.7086593,0.8006655
2.08814951980945,1.29742181421318,0.613494635942988
0.2267015,1.011629,0.3051134
0.425782935954264,-0.605374704089638,-0.750712515637971
1.25455647442714,-0.744045885636026,-1.46342893394934
-0.4225363,-0.834688,-0.867773
0.4977373,0.6106632,-0.9386246
1.55679882111118,-0.36590786111735,-0.246787005472024
1.735667,-0.7286314,1.07389
-0.5698116,0.4181988,0.02322113
-0.114834291709268,-1.4720130882523,0.867974853053033
-0.05034997,-1.708132,0.4565193
-0.6593461,0.6807652,0.4312091
0.2339715,-0.7941633,0.508072
1.857619,0.7992848,-0.131721
1.436856,1.198464,0.5825892
-0.517531763535851,0.209334843238918,1.78293959307955
-0.7312078,1.453941,-0.1461766
0.241172168188849,-1.63976434780513,1.21516322585809
-0.185913902956274,0.495171326239268,-1.15357938897834
-0.05047506,0.3330039,-0.6419028
-0.362996256920114,-0.042936161402175,0.732290268763917
0.305113819878443,-0.672024074110891,1.00086655040056
1.44193156103108,1.36770942321389,-1.24078253523137
-0.371023535728821,0.627335290953997,1.21767442900397
1.001432,0.8490362,0.2228374
1.31292234996373,0.84404730192264,0.480653265925706
-0.183661842007838,1.20414340623396,0.450877212712409
2.503078,1.138963,0.3322544
0.686845570590156,1.07065832454865,-1.13538450630789
0.4472349,-0.2881341,-0.05040473
-1.66763,1.269791,-0.2479306
0.668153948444986,-0.896010391387283,0.619655948381251
-1.780432,-0.9451023,-0.07697801
1.39340973891979,0.351642576865425,-0.556394281919203
-1.20300968270301,-0.458653993777025,0.531789303462296
-0.3190856,-0.1776038,-0.4484434
-0.9746751,0.0921183,0.9611892
-1.60217707273088,1.34551393451464,-0.137244785036285
1.61097599601383,-1.55601509508833,-0.555133305108026
1.59207807732015,2.13030586350877,1.09583045363739
0.8156779,-0.8298793,-0.8417561
-0.62636351893608,0.58662706669654,0.916936194634238
2.069748,0.909753,-1.088623
1.90046218122278,-0.813883532194115,0.0444419462023279
0.05487942,0.3677639,1.347878
-2.05782043155014,-0.401662899460207,-0.317859842316128
-1.235321,0.3011933,0.4669938
0.7278628,0.5085176,0.7829029
0.9415645,-0.1799846,0.406631
-0.139413679131194,-1.63284441660327,-0.859448483551101
0.822968487690424,-0.0919412564974252,-1.32891347966838
-1.216157,1.277599,-0.2354818
0.411058011024392,-0.503684064699708,1.70071629272526
1.30499471065812,0.0150375959428838,0.159100947961592
1.26988951420424,1.93239108549317,-0.273205570196227
-0.167302369121361,1.11887872531285,-0.524800240103928
-0.0953689624789213,-0.729497744330426,-0.0244285552613196
2.199458,-0.3384781,1.085056
1.62732423009654,2.00123230907284,0.533277999647156
1.71398,0.6718228,0.1443739
0.2023478,2.569413,0.4056895
1.038937,-1.690962,-0.1962238
-0.0961361321305964,-0.592873133368292,-1.435073714757
1.02125505845253,1.74238578028303,1.09963620351785
-2.42344135741136,0.35096750212997,-0.825442318821905
1.78325646719885,1.38848616497213,0.0803727747833472
0.6516022,0.2715535,-1.100095
-0.267150897253623,-0.244622125491524,0.738124028377084
0.231412858120008,-0.989645722788847,-0.233794865062427
0.107783864939874,-0.15327937090801,-0.250483113572709
-2.34572968599134,0.449241374715729,-0.0665242853899339
-0.260007057195947,-0.659311791016755,-0.652354193886854
-1.095758,1.040911,1.107585
-0.2246756,0.1898741,-0.7707144
2.637681,-1.310586,-0.3523685
-0.1724765,-0.4269739,0.08795164
-0.236507833044853,-0.941972881253683,-0.514575159863399
-0.624191657404522,-2.53331003475655,-0.984747455196199
1.35226985603447,-2.14207608356732,-0.306494937576483
0.755012,0.4222589,0.2736729
0.476324807351888,0.217442642358226,-0.544392581559719
-0.0382382973949041,0.253537763092235,0.0227966303314692
-0.0532748393249558,-1.54013508348412,-0.951940492506348
0.8298602,-1.69492,-0.872368
0.175008,0.2510793,0.4214426
-0.9946027,-1.126703,-0.4810704
0.703738,0.338095,0.03203627
2.064694,0.02858864,0.3066764
2.064694,0.02858864,0.3066764
0.5261585,-0.2316351,0.678991
1.942333,0.2783415,-2.791457
0.94076689867577,-0.836198168514727,1.13040481123254
1.61287697824205,-0.444984323897918,-0.19709244495205
-1.13916541156574,0.196627439412647,0.664660835980362
-1.16413,-1.713026,-0.0359664
0.435173581834053,1.18205190556535,-1.62559592097237
-0.6320134,0.01302067,-0.5711463
-0.148856259466477,-0.24797841836001,-0.209609106848978
-0.606130916688757,1.111215631008,-0.832059083254412
0.1824834,-0.2524379,-1.441601
1.12287380864766,-0.257875777587732,-0.474464058555369
0.5280111,-0.4106291,-0.6832601
-0.148452,1.242245,-1.283597
-0.0075946147338234,1.05393447663976,0.0401772004873607
0.870626813944018,-1.15520127666355,-0.146821469995527
0.1087629,1.541191,0.3525825
-1.06505923104246,-0.121070517788938,-0.687634817758063
0.4944391,0.6225942,0.3241355
-0.2273157,-1.873523,0.44711
-0.460146482577407,0.409763488702599,-0.778914447759151
0.151326866353056,-1.32010240417434,-1.5032705287347
1.00823754211131,-1.31397028899105,-0.309924012683901
0.0781766318613924,-0.26640091085601,-0.337319421098879
1.1586887231249,0.791216279355079,2.197322152007
1.40228682549255,-1.37224562441227,1.47935451934014
-0.3758049,0.1170584,1.399648
1.14044693900581,-0.512357198902502,0.130484114551592
1.052598,-0.2423443,0.4273107
0.785636467140722,1.19441100428748,1.43516502298863
1.152627,-0.9270551,-0.1593368
2.56497043500006,1.86422223152217,-1.27226463249691
0.9391681,0.6788873,0.9077016
0.4076422,0.06714147,-0.8113998
-0.1857795,-0.05015909,0.9380922
0.0383773724870995,-0.954679130305452,0.72919442064489
-1.45796557192162,-0.620419698239221,-1.8803428354032
0.0049136276007502,1.53854579395983,1.37947696085882
-0.825439949684968,-0.775725982753101,0.395595833956545
-1.94145716049532,-0.803415349041558,1.08828183427437
0.155260186564706,-0.0921603671002109,-1.42297028803229
-1.036883,-1.118023,0.5711055
-0.799510287920525,0.099966223846513,1.42395382679362
0.0229182281074831,0.234389938145191,-1.82847882600864
-0.190674553744874,1.00420177452439,-0.433472785687792
1.456026,-0.8398499,0.6239933
0.131546393346735,0.741072073977857,-0.36035891024115
-0.4561346,-3.026285,-1.360163
-1.33486179631915,-1.01720953653223,-0.634554305918957
0.8707006,-0.6365621,-0.02341375
-0.648254989642645,-0.597287631615561,0.095502115603467
2.004153,-0.6989919,-0.01916749
-0.198455925974814,0.0534784003533226,-0.236870844134391
0.254914051265328,-1.03080441359027,0.667833777590029
0.300961024423067,0.312747799533889,-2.01789885239194
-0.04220043,1.118971,1.596188
3.259606,-0.3868225,-0.2742223
-0.08657838,-0.1780136,-0.6181846
-0.77336472991868,0.0833430237606479,-0.421890398456436
-1.94767988189278,-0.941727744123914,-0.433543846885678
1.10212171418467,0.609817604217755,-0.497356953809987
-1.247777,0.07259849,0.9034365
0.587592737015127,-0.672866785952782,-1.17890042913178
0.365955596171597,0.0736366529181654,-0.136262415379269
-2.28167022205462,-0.81899863510151,-0.014216161357065
1.332547,-1.179475,0.707596
0.940509519826436,0.228788905275284,-1.96335628183016
2.15201535822234,2.36930900099091,0.0500208542742731
1.35927,0.02579301,2.198569
-1.049698,0.3708222,0.3830575
0.966455437705586,-0.594713718653825,0.390234804585531
-0.501574752421928,-0.159870806985032,0.865715272444072
1.116227,-1.329134,-0.9438281
-0.634913702952847,-0.843643385538212,-0.908143339558208
-0.43763461264145,-0.749462424762827,0.712078528081226
-0.114104627694276,-0.555316621618811,0.656409805777461
-0.388850453298174,0.163559177135673,-0.535801393472103
0.448160821389036,0.200644129922524,1.31553217694412
2.26895822579459,-1.76627778993836,0.181019459820535
1.18753264707213,0.534797292987989,0.864595499001802
0.724788616284334,0.369406467769001,0.410159891156191
0.439203840724137,-1.7786188363972,0.131556887776201
0.263385320203188,-0.227007106768339,-1.08525788932729
-0.549999469474228,1.30750095225066,1.78712650593767
-0.744537080399238,-0.931992628628161,-0.9279892128576
-0.7586167,1.1263,-0.3603589
0.7577626,3.088663,0.4141929
-1.35326124138346,0.187274480043697,-2.32048386994541
1.99323754588155,0.711589958413308,-0.942968458041093
-0.1585091,0.9291721,1.725983
1.203793,-0.0191719,2.900612
0.8262648,-1.63245,-0.8554621
0.379855142293012,-1.08889377905856,0.449111278654742
0.368245947582306,-0.178017118172965,0.672138887407304
0.0392118348967475,-1.72279007382328,1.20301544499401
-0.33693345372623,-1.49685482493636,-1.28484289894824
1.02554961672293,-0.683694645370059,0.385530220411656
0.852086861266736,-0.242863487856195,0.593313735367443
4.0743,-2.507975,0.4675135
-0.432689111984548,-0.369809870392333,-0.84678259699984
1.973158,0.2639063,0.7437794
-0.135943282518152,-0.884841920458972,-1.27617072007659
1.61371,-1.262308,1.192115
0.5517621,0.5256349,0.0548589
0.57380342352236,0.565974957644762,-0.156348708363253
0.710966555710989,-0.154515779418758,-0.730295212606611
0.508475385492347,0.351381258629966,0.575957799138632
0.1581529,0.2064135,-0.7133619
-0.938687223246966,-0.652387003027502,1.56210632384196
1.66700896463149,0.166494227638363,-1.62980282147835
-0.444218905879848,1.10322401069567,-0.798188898885607
0.3372688,0.08135683,1.182144
1.54822947695708,0.192974385763618,0.111783905371754
-0.290456604680151,-1.34355941321341,1.48752387882046
-0.02611265,0.9789883,1.853679
1.64587104443016,-1.5652866512837,-1.29968974390405
0.12944121242097,0.0834161217495119,-0.0597748258201505
1.03681975989654,-0.699275796086421,0.226777161423413
-0.635862460291514,0.538565215886305,-3.71808980846881
-0.4556458,-0.7362876,0.2324032
1.097905,3.020145,-1.16653
1.215189,-0.06786253,-2.557775
0.533295154872394,-0.377445151076383,0.626324843867833
1.21084127180015,1.26620418303077,0.104896797620416
1.1508205551112,0.00464802600366077,0.782422080910475
2.11521744558478,-0.323041422997566,-0.508370430102572
0.7913098986684,0.672112006798015,-1.26450566945805
-0.534926747247239,0.144536669140815,1.48328290486945
-1.95602975307187,-0.545531221912938,-1.33342477456549
1.417793,0.7013609,-1.0212
0.446400130134635,-0.877834899746698,0.811189006889972
-0.969214418184879,-0.494231025797595,-1.06884281011594
1.97114119322081,-0.96030615614475,1.24715071904221
-0.152833502289154,-0.540713182957199,-0.638121090666581
-0.8625228,-0.499708,-0.04806282
0.445857288842129,1.5237628657488,0.937234967265035
1.04187639267767,1.55920442395691,1.37765283001912
0.2170638,0.3214491,-1.463042
1.28792386558546,0.961152830324494,-1.19743029928002
0.774187020284329,-0.577278028913646,-0.121476567525261
1.51582710882422,-0.314009874929832,0.579212098633311
0.826534514583481,-1.27715383417289,0.581252244127741
1.98049751504846,0.619001093620709,0.760936501711272
1.851297,0.5099523,-0.04128738
0.486796336752512,-0.240100713903808,-2.39704619303598
-0.2442169,0.9562877,-1.504365
0.767296467484015,-0.5910925694496,-0.321689796599295
-0.4454005,-0.9461753,-0.4590532
2.398528,1.746708,0.8282348
0.180804125543735,0.194871218694475,0.179453414128592
2.22507151127108,-0.316225112613682,-1.10972854456951
0.1974196,-1.477355,-0.8120074
1.014091867339,1.61150183347963,0.89910502573137
0.3172166,-0.1369238,0.4862746
-1.030458,2.010293,1.522192
0.214626810947528,-1.77820863186139,-0.276897908896244
-0.4838452,0.3934639,-0.1980414
0.615907,-0.6008854,-1.592088
1.03202251395933,0.411003907840823,0.434577459420942
1.246686,0.4928614,0.1075644
-0.1932021,-0.7213563,-0.3262954
-2.16689,0.04889821,-1.267462
1.43720341681392,1.90437569803324,1.0771306363362
0.8798289,0.5762675,-1.089128
-0.778910295448653,-0.473610495591046,-0.53503860452892
-1.02865498329991,0.803796763303971,0.184146694094184
0.8377524,1.531441,0.0330886
0.936709045040012,1.17224330346422,1.733736068824
-0.22806518880113,-0.42232698973504,1.49954983176128
-0.639846,-0.4343735,1.485741
-0.246538,-0.6383817,0.2134641
1.304672,0.2331187,-0.6340335
0.845025232706374,-0.274257060953468,2.34833900188733
0.5199806,0.5383696,-0.0250338
-0.595552039531158,0.0824192022959136,0.402819854468158
-2.09463343740446,-0.887399110806904,-0.172829926286534
1.07926223678642,-0.0911783428478148,0.683924890404562
0.693885128067841,-0.35833852637099,0.082912959749456
0.796572848550769,-0.475826298967217,-0.617885828576709
0.2739839,-0.4230921,-0.1373448
-1.312405,0.1284611,0.1099586
0.0414911138845306,-1.26741689374901,-1.84135252521627
0.865356181876486,-0.293051456586194,0.18292310098698
0.9362763,0.8622056,-1.892294
-0.7477329,-0.004104497,-1.032569
1.52611968029187,-0.444792592577911,-0.138408131563756
1.218561,1.180159,0.9329763
0.1284417,0.6589213,0.3248938
1.04713928684265,1.47974572233777,1.09353204666463
-0.465015,1.595265,0.270422
-1.33603604612951,0.452374826804158,-0.568725624774012
-0.143916,-1.064739,1.766705
0.07018631,-0.2088354,-1.521783
0.421217260512196,-1.23924697507068,1.77572533105076
0.503703916749758,1.45341464424526,0.588386475753314
0.577723123936115,-1.01580190291359,-0.458619404852785
-0.510762093317022,-0.591196630112171,-1.04486241012361
-0.211282086530869,1.73438570043016,-1.57373980168328
-0.0081481066649341,-0.628553938928308,0.381824795847716
1.22883451994599,-0.0651064158590147,1.33059700728541
0.5344145,-0.6697783,0.4774125
1.176631,-2.151115,0.752126
0.431570296900552,-0.299360494808637,0.148744268172579
0.164243734217514,-0.588025205574715,-0.669270757283961
-1.372285,-0.6486038,-0.9580486
0.317541931364632,0.439959711854238,0.365111496548961
1.711527,1.212577,-0.5332962
1.259035,2.134607,0.2272518
-0.849984960446644,-0.802361481444778,1.34450854039442
0.1930639,-1.841569,0.544531
0.57924453003714,0.723824907273539,-0.652817428475768
0.529767376037781,-0.171198978198069,0.220687072996099
-1.08226459002441,0.766050133459395,1.05073584662386
1.22333807182535,1.77851109596927,-0.313011069558845
1.531798,-0.3676348,1.002622
1.67064989017115,0.760997245091344,-0.746294285974471
0.738246504686488,0.687423258504958,0.747356783140341
-0.463859586056919,0.908570658717368,0.082920359142334
0.875857365270666,1.96593677774167,-0.932329121820828
0.402728712538325,0.35984690679652,1.82865042616664
0.635984772438076,0.197874730704865,0.308472056512159
0.07447802,0.491997,0.6261176
2.549879,-0.05161645,0.6230304
0.18357468510114,1.73155713687801,0.565573379274465
0.667503853992103,-0.761067952999553,-1.11123210024059
-0.3481304,0.857251,0.4740489
-1.25149363645011,0.549341114954015,-1.20750985777234
-0.368463824357867,-0.0611694448361906,1.77807886487159
1.694615789124,-0.29545422590364,0.209510875113227
-1.03541836141149,-0.018181839108644,0.830150578849243
-0.0861539833978052,-1.85319294075688,-0.625244985102908
0.244523766072254,-0.268436004114782,-0.549632229780393
0.993219028169629,0.0645688478358026,-0.571859232481274
1.85492689918001,-1.30744418376698,-1.57790584276111
-0.245058476676436,-0.000575941979007409,1.35486498579594
0.132632606061866,-0.378069233751405,-1.17435704525392
0.5059638,-0.4122992,0.2301887
2.3662676803203,0.314275012953484,0.0231626426801027
-0.199994076042016,0.793696345207091,0.436551165173425
0.8244257,-1.083445,0.6362989
-0.206527473649002,0.496920458182862,-0.736092344954071
0.7167836,-0.5923069,-0.5992172
-0.1789723587931,-1.5241820234577,0.568541764800046
0.1511753,-0.2593148,-0.5564578
0.258413860980717,-2.00060745870894,-0.215467535667375
0.926422317786419,0.175987915448605,0.287420470046631
0.0272821521658532,0.963039980743337,-0.443260109453455
0.492266,0.9123353,-2.433714
-0.2053911,-0.3647378,-1.029748
0.74156,-0.6160148,-0.05347182
0.0497530398086849,-1.00706091766878,-2.056362054245
-1.36838423644854,-0.708841255903029,0.646271844673664
-0.9748036,-0.636089,-0.4563023
1.27652,-0.7509407,1.140184
-0.497112934860029,-0.177006858745764,1.60915921832235
0.7944249,-0.1558016,-0.5853445
-0.3939054,0.142785,-0.6187569
1.13990302385056,0.0551003785595734,-1.54632795190396
0.653714817071431,-0.818908347736528,-1.03119868053246
-0.13096099472591,-1.12713338881773,-1.03430924348629
1.329737,-0.5879052,-0.4731676
0.551162935933735,-0.139997673386415,-0.37132430749653
1.46730610493059,0.251093398612897,0.6273273561825
-0.154583492354939,0.870833769614533,0.494512124927182
0.0828732141075895,0.658944716305066,0.601838589320671
0.45009444021374,-0.273870459822898,0.879087815049197
1.178673,-1.591696,0.1869422
-0.292324669743256,0.77422538042753,-1.38296111206035
1.6107369271195,-1.3303266652228,-0.6101003874737
0.736839665268971,0.889794707500648,-1.02039028474671
1.15814957801699,-0.144239438894189,0.260717095817233
-0.4544776,1.608807,0.02622378
1.028643,-0.2163145,0.8802205
0.4883802,0.7642094,0.1572596
0.440279153739565,-0.127442832712119,-0.392144460032777
-0.5058878,-1.569042,1.623399
-0.469264337321052,-0.414700473751962,0.417175799157864
0.158042337710008,0.377078171619158,-0.331854442940657
-0.658194951421545,1.19726150424917,-2.34334777455946
0.0414940806823883,1.92003517672652,-1.26501009353262
1.28913915117693,1.50030723461243,0.437760758334186
0.530342344737716,0.649176745627961,-0.892959031991333
0.7431291,0.4803517,-0.49606
-0.816796273671143,0.70855861911662,-0.0606669242886398
0.255164,0.6167843,-0.01984314
1.209607,0.3892469,0.5458084
1.421541,0.2546872,-0.001692713
1.04007322547757,0.0219548670770182,-0.877047492763847
1.321943,-0.6509824,0.107394
1.54013686140145,0.862146753806807,1.7954986372578
2.12914601124863,0.611399712191857,-0.815311853540001
-0.121403791151572,1.18900834627099,-0.757263538431933
0.394904570429995,0.308824934456275,0.154307569781001
-0.42639786345164,-0.047370790338872,0.111371287137045
1.53354553614076,1.04478886110985,-1.81989951588463
1.42058207590931,-0.582501979389623,-2.23414401211444
0.8704309,-0.3902379,0.8689359
0.6727037,0.4618332,-0.8299841
-0.1495241,0.8174941,-2.140116
-0.2607432,0.2625399,-0.09107586
0.726161150471636,-0.12631476183333,0.527756573768749
-1.04378326390131,-1.83766751274861,0.464281662792572
0.535239646061139,-0.653189938669201,-1.94002465391515
2.006382,0.7458606,-0.09251102
-1.05153608314978,1.29712363041364,2.88574673002716
1.379445,-0.05386019,0.8336465
0.0149511097143348,0.886496872310356,0.368984529629641
1.7284192185752,1.95292631743794,-0.399490429882982
-1.214398,0.170204,-1.338716
-0.821985578936247,-0.0989772034208025,0.961900882973748
0.613461939672738,0.509392943323116,0.885253935215598
0.6258344,1.252054,0.7845885
0.6157427,0.05076035,-1.474294
1.33167871960298,-0.180231714698036,-0.540197553644611
0.459165955043773,-0.489129632914155,-1.69580730918978
0.611150315288928,-0.145936704284722,1.35505212391013
1.37841235726122,0.47876054857387,-1.0138024865963
0.220864272686095,0.823567502404602,-2.22118587024443
0.5284343,-0.304139,-0.716364
1.45181108280511,-0.652945862046988,-0.206084127706643
-0.499237917322021,-0.984077180012856,-0.299020909480246
0.565806949014127,0.613915407593302,0.378507009395738
0.827761396740686,0.204391746520513,0.920759683580293
-0.09325454,0.1767262,-0.8474682
-0.282766518694261,0.855552833834572,0.360364188411025
-1.065598,0.5681239,-0.3149503
-0.325602757185436,-0.525920118443913,0.486872093471626
1.00914,-0.1412934,-1.67654
0.986157725995061,0.0894806858662435,-1.10447649934392
-0.0328150929377432,1.78109449803065,-1.05981666370106
-0.378338339136316,0.933320250502354,-0.528937038926534
-0.5925124,0.7584675,2.255939
0.783561946137088,1.25305159298089,-0.72772469604909
0.583761057653854,0.829984129239438,-1.72676894355212
0.778090034671567,1.05106022470842,-1.3314252090843
0.382375555125187,0.240491918033262,-2.01677657069804
0.891764683374155,-1.15399453833911,-1.03613858845937
0.843014447067207,-0.524363791098835,-1.67030275989114
0.0608732,0.1851866,1.64422
-0.0348936220626841,-0.83031250433804,0.340330713956993
1.333739,0.7130967,-0.2852692
1.37914713912564,-0.331437638573038,0.369102689547546
1.34024533391525,-2.03787457861659,0.752785037334502
-0.3951433,-0.5583809,-0.3688542
-0.582688572937702,-0.538676117494996,1.36306136148707
0.5240379,1.103912,1.529161
-0.32401504642137,1.10055537489537,0.126962982248798
1.70034657221033,-0.00422039023947051,-0.21892040920963
-0.00491304243942858,1.35390579244877,1.66646746170659
1.499644315184,0.382949541001697,0.777398058479713
-0.487160904583956,0.100474320176441,2.58718427607674
-0.796947958717497,0.886551198689108,0.681512959800179
-0.359530293586132,1.5504737138542,0.876188845607234
1.040259,-0.6129959,-1.089998
0.708454012035235,0.550951755769593,-1.61536755727418
-0.256815,-0.7035057,1.249152
2.316288,0.07527035,0.4790233
1.41372605570605,-0.238103867841545,-0.000681074798059187
0.1118322,0.5584645,-0.05364009
-0.300822628803588,1.3234823253409,0.121027857554576
2.47377765928574,-1.8727060590119,-0.328181285289301
-0.0966962845465282,-0.618962259157887,-2.14281493250374
-0.071122809549597,-2.10730292842118,-0.230628070742811
1.683528,0.4993134,1.152387
2.347023,1.812288,-0.1863864
0.720830747423532,1.22130743572887,-0.192579309595251
0.7565143,0.4856417,1.355105
-0.1619628,-1.442637,0.4873427
-0.230592009602999,-0.255543750281641,0.0705467980997321
-0.0142291188482886,-0.0129759220365638,1.05771158308718
0.838771149769249,-0.569092397685857,-0.769722199037612
0.42096193334514,0.174224123200107,-0.0250675973922471
-0.242252112076189,0.948011668623312,0.280966645662252
1.725623,-2.375391,1.34971
-0.4943569,1.288661,0.2785497
-0.0668399003585308,-1.49647958168567,-0.391428577956911
-0.06766785,0.02862099,0.7396982
0.777796282101468,-0.685203791760571,-2.56505884370648
2.60717843309013,0.0506898753019549,-0.82399220126848
0.887275632383125,0.0557046159941635,-0.69131489011932
-0.9042484,-0.4560731,0.08838959
0.392463010726499,0.979108689838015,-0.755528951245646
-0.0791588,1.253105,1.634939
1.188744,-0.4282231,-0.8236035
0.0263289969167951,0.642092557646516,0.266540094751717
0.9087624,-0.5218965,0.6179274
0.4658652,1.939807,0.6711998
0.985956815740466,0.393019453898015,2.72570059738649
0.8718243,0.3198919,1.358588
0.7359797,-0.644102,-2.435055
1.49271014389068,1.03191433678645,-2.09811407513311
-0.471215615024531,0.464988654162515,0.508897200232683
-0.647034417996043,-1.9511033995921,0.673950498935029
-0.483233467144243,-1.23953628458847,-0.450857121928238
1.52518775504091,0.754417628035677,-2.34363768344219
-0.781007537095985,0.145013932428251,0.14928035446092
1.955216,-0.5406985,1.028947
1.262348,0.7881575,1.264251
0.8316032,-0.04809043,0.594998
1.93639731086409,-1.48583463367911,-0.156129242029737
1.79038847463446,-1.3016676826235,0.326943944069594
0.6940487,0.7128232,0.4847462
1.57203788072571,0.749106903283452,-0.429945907516247
0.255645,-1.962272,-1.30515
-0.340322682582345,0.728427672392462,0.807033324462112
-0.692550724456971,0.607020742633317,-0.599859494816802
0.979056118294658,0.502473266710757,-0.0529476673564698
-0.6714212,0.4252886,0.506017
0.3652612,-0.1318313,1.026499
1.355425,-0.04804778,0.1494052
-0.307894441201986,-0.874341197454338,-0.923003785619971
-0.170413718247691,-0.531551189074646,1.49595801597566
0.399674,-0.7456159,1.058018
1.63032343538248,0.364338531704427,-0.555781033148477
-0.892482269578047,-0.272458258479801,0.0353855414148966
0.983548891417503,-0.306250341496488,0.466010571212799
1.04908415142217,0.568370562546349,-0.118803997702388
-0.2899277,0.05898913,1.913974
0.331329107043333,0.567208797266205,-1.64049289991856
-0.924753946827198,0.359848549316356,-0.0413963222837022
-0.574898756840574,0.222982196896251,-0.742150080559138
-0.741808136883816,2.67007791714523,-0.886627261372252
0.649746429906205,-0.453954242251933,0.808725866003385
1.235085,0.2001117,1.479543
0.3978337,-0.6622296,1.981821
0.3323314,0.8702981,0.6771659
-0.4374351,-0.8816297,0.5086325
0.960609811845922,1.69676524497004,-0.238466082806218
-0.7494406,1.274697,-0.3604485
1.730826,-0.6011256,1.191859
1.35352823579663,0.354258551707311,-1.57318698146074
0.5055996,-1.314801,-0.5907033
2.50114923097413,-0.967275798062205,-2.37794102844361
0.1219097,-2.060047,-0.05938665
1.043911,-0.6560093,-0.1409959
-0.741577105105685,-0.538196125324104,-1.00483154987504
0.3201518,0.03409573,1.499399
1.561453,-2.24421,-0.6875624
0.987770630694447,-0.643256154833929,0.166067593248587
1.22995539449586,-0.313892940814057,0.394327318802408
0.3298371,-0.5143927,2.365402
1.50564107840666,-1.43322829155563,-1.49431272778333
0.553892,0.1263822,-0.03962421
0.7026785,-0.04365351,0.4301103
0.884064241550136,-0.37152879296205,-1.50213987477758
0.779773270410008,-0.733839882883878,0.562957050604289
-0.560782164616252,1.62495918152026,0.543487553251118
-0.3455833,-0.4035317,0.6403805
-0.322254535952448,-0.900653629594672,0.306394641734327
1.153874,-0.8398988,0.3046393
0.636012276723574,-0.14561543995518,0.608741970609976
0.524899027713458,-0.577275931500491,-0.386202399734512
0.1074609,-0.4975907,-0.009037772
0.6796716,1.07511,-0.05207689
-0.5776311,-1.276197,-0.8539549
0.853641914080047,0.720947788199719,0.943084874200229
0.82390283715335,1.64088117921418,-1.81787113146218
0.1177696,-0.1155378,2.933442
1.41976,-0.1518853,-0.6996498
-0.1005794,-0.565698,-0.8790164
2.01958024089845,-0.111178198658369,-0.498919678085957
0.7212898,-0.2885355,0.6932995
1.109685,0.4606692,-0.7395503
1.67752759544385,0.0261230390260737,0.293205626218276
-0.506725817971194,-0.398796271446791,1.01563434919236
1.081149,-1.504671,-0.6961966
-0.725788648250713,0.80494081596912,0.869829207481205
0.1232574,-0.5243045,-0.2035645
1.76355827147872,1.08610874273297,-0.610496246989462
-0.168721291509571,1.31177993792714,-1.97145608517174
0.829871755583213,-0.766554761761417,-1.22065086970591
-0.191604,-0.9797153,1.12704
0.485733744690067,1.79111117009817,-0.320150471527165
1.201502,0.3254133,0.7803061
-0.0314140420605061,-0.551832702769848,0.857137490296445
2.530797,0.6980813,1.055964
1.35337242157721,0.679846493875178,-0.566354830427828
0.136387485744115,-1.59537460079989,0.356298930126031
1.1305826862273,-0.665958579718275,-0.592666956396314
0.940574547134415,0.930686755323921,-1.24678473222891
1.3358341629931,-0.381418046220692,0.490912060691492
2.094098610814,-0.392841796932024,-0.7226303539908
0.0940424263387648,1.32206372672865,0.358971723870082
1.20566334356732,2.11840792059303,-1.89704194685024
-0.116290303964915,0.455601059454948,1.33478615521556
-0.6036538,-1.503267,-0.06024539
0.0674926987639994,-0.55457324990874,0.0688025746260697
-0.0238449492981661,-0.250752062649866,-1.02801486841691
0.189960039828143,-0.186133533291546,-0.697245153693753
0.766534,0.6578182,0.3306139
0.3600737,-1.076594,-0.6214562
0.678672590269341,1.23144323692624,1.02367866493947
0.953195392708883,-0.382601626256362,0.0922399237550766
-0.1999874,-0.6843336,0.1091057
0.1108912,1.509499,0.1130514
0.142870191344313,-1.25410409007106,0.100304766142012
-0.7427656,-0.5909115,0.1754814
2.14895733324952,0.283113496802579,0.361730121344161
-1.04990776090583,-0.0554612184061971,-0.213826631032142
0.4418902,0.2441995,-1.833367
-1.015631,-1.008969,0.8745951
-1.00498390375221,-0.529744419939379,0.269909086383688
-0.5750925,1.39717,1.706522
-0.156499709021429,0.700113673122608,-0.13175125389893
0.8089994,-0.6877083,1.2734
0.265884208186698,0.582889300215647,-0.248181843369703
1.83206337527452,0.333859093874837,1.65342371785914
-0.422039932308142,-0.27145906396614,1.25644477013209
0.727314320199533,-0.610826221887565,1.25412696992447
-0.414992715882138,-0.200173947588018,0.495351322257314
-0.766229,0.3092981,1.349449
2.17857234807026,-0.0523548872976337,0.661486531913834
-0.610062673192597,0.475408467179413,1.30966020046357
0.911496442714979,-1.08434964403773,-0.488588535428449
-0.3618527,0.166821,1.418309
1.027336,1.684671,0.3744171
0.5953694,-0.3164221,0.3943943
0.6647531,0.02742159,1.078617
-0.79369727148576,-0.839048607001357,-0.817573709902225
-0.288613408522629,0.0615873272317878,0.68849777208134
0.0741681,-1.439337,-0.5879901
0.802902187732617,-1.20382380083104,-0.123565903164618
1.289382,1.671177,-0.1909127
0.5286958,-0.9384025,-0.4098585
0.0989927332152826,1.70204434565866,-0.776103683480547
1.80471086123171,0.989778169681614,1.17403457317419
0.5754413,0.5890437,1.815649
0.136826144437777,-1.83828546321053,1.41424628754367
-0.682851709591365,1.66557870624555,0.0867645116058409
0.521170536590153,0.382283527428435,0.805499476557806
1.09743108191082,-0.185936694224464,-0.270751758656407
1.50897916358436,0.383189521784688,-0.801432447882851
0.856346825663099,1.20218835219749,0.0270250338393852
0.5139293,-0.4543538,2.184803
1.739828,-0.9495336,0.2187152
0.3444607,-0.07788505,-1.254579
1.56197190007382,-1.14357274010316,0.235682467108078
0.928943357785082,-0.620513785493373,-0.627863348017612
0.4065575,-1.289451,-1.889227
0.221018434661578,-0.729322399846768,-0.969400969807008
0.181128778613831,-1.27628251483907,-0.607946417829031
-1.50927145981471,-0.670438222190427,-0.525736117936129
-1.338796,-0.7397218,-2.06039
0.362340451812943,1.2198874515257,-0.0107561313839248
-0.622692066154769,0.493647923499708,-1.58604085989356
-0.2148351,-0.2211,0.5234873
-0.103192401393322,1.31902085631161,1.19969628737884
0.908638827679408,1.31562156800858,-0.495058018619808
0.202481358107054,-0.604296305016248,-0.496698402098666
0.971212462304579,-0.378050107257593,1.29124175260598
0.625083741232207,-1.05607206841338,-0.239674498706493
0.7952769,-0.2281101,-0.1327978
-0.206061321067367,-0.0345103187029454,-1.95833391923553
0.7926143,-1.157644,-0.7144994
0.527853188825231,-0.790051588692479,-0.859898421870544
-0.444925057339941,0.25993474366745,1.37876779892723
0.428222338117279,0.296323889607493,0.688110157146605
-1.511497,-0.9821949,0.3500695
0.3260089,-0.5475258,0.3564709
0.484413837593537,-0.715815853671643,0.61776791698681
0.822387587992614,0.093157986104664,-0.859349257349079
-0.1114247,0.7041121,-0.9269891
1.212233,0.008283738,-1.324867
-0.6105772,1.017174,0.2373623
-0.354879698540213,-0.359763291869726,0.0975672939337788
0.5118968,1.469184,0.6639257
1.31947,1.54449,0.3323919
-1.300917,0.4688278,-1.04048
0.769962918147115,-0.592935251575234,0.333074575148716
-0.06215319,-1.003576,-2.170046
1.763478,1.380751,1.752209
1.614343,1.030192,-0.09552539
2.450604,-0.4650318,-0.4223885
0.0977690375552619,1.24256704275921,2.43075661931839
1.42627360528894,0.912836383387912,-0.529193415533096
2.07204750988057,-2.06370304592117,0.8183124274781
0.7229662,-0.8080405,-0.8251496
0.1545524,0.7942425,0.6736576
1.24505178408429,-0.459352833063012,0.0986785662369287
1.22438914794992,-1.41123068551945,-0.265485420226836
-0.258525949247722,-1.06071314920523,-0.562372164276396
-1.28487213155502,0.408361461502574,-0.0975970025832226
0.505443786929379,0.0237004035211781,1.58486834322111
-0.109458958738998,-0.790006932386141,1.01078264911288
1.3987189554318,0.602859271819087,0.117711528068663
1.107178,0.6002688,-1.468286
0.446983844065044,-0.147469692935042,-1.83998161071709
2.50851040728724,0.636710778874421,1.02099765739516
0.649623921047275,-1.49008064051458,0.390901903720353
-0.638600159639003,1.30622738356732,0.305133230744961
0.3822185,-0.9309211,1.600973
-1.46844960233857,-0.356435013384925,0.688410469100212
1.1976854400303,-1.88662118690971,-1.27165993856906
2.753279,1.372625,-0.4755029
0.863812123071524,0.853999658604471,2.29913989994295
0.686087433035639,-0.369876043944348,1.39538216272134
-1.37329492459925,0.649058179424055,-0.256823568839906
-0.556380158858714,-0.953399894913075,0.22271404631632
-0.146230225271163,0.649809745648951,-0.158356038925065
-1.69008638456728,-0.828039463689892,-0.0245522789271128
1.507556,0.424684,-1.763784
-1.36854461064149,0.627357592085397,0.358765832309968
-0.677322737589993,-1.2634980858565,-0.630289384575305
1.15841509868805,2.04068828395397,0.446110989934923
1.0138193103488,-0.647220268646156,-0.268089661953684
1.304881,-1.525008,0.02790774
0.2213099,-0.4322399,0.8537281
-0.8003532,-0.02869836,-0.8246461
-1.24816022500476,-0.961251457960556,1.13849029441388
0.998624614295728,0.227315009766435,-1.08208485180915
-0.5561922,-0.3109834,0.1391022
0.86500477931736,-0.528192486116486,-1.1275634681363
1.208461196864,-0.0701452749482547,0.639890995018757
0.539237831187557,-1.47667250269389,1.93358208316287
-1.05467794020259,-0.625305012559556,-0.116110349965436
0.2488009,0.7774003,0.5321532
1.43074812569528,-1.64056683781684,-1.21089637092961
0.144472081290133,1.01147019294041,-0.317266300449166
-0.3481963,-0.1230438,-1.103914
0.2534526,0.04278444,1.337621
-0.1872806,0.7648679,-0.06478219
0.1110589,-2.553639,-2.279172
1.87558896007801,-1.2527506001454,-1.3066766669597
-0.601314983193299,-0.538123747180022,0.562698821502679
0.38882117850235,1.2801148474499,-0.751709419195627
1.348442,-1.266089,-0.6575058
0.523708494687898,-0.376600207730166,0.862989117993565
0.490492610027777,-1.03955225397094,-1.00207540441771
-0.1171284,-1.503319,0.3939464
0.6647365,-0.4987765,-0.6354636
0.687724662151757,0.193547990041358,1.17459539281874
-0.134938,0.01860217,0.4529958
0.102822461840701,1.39017795160823,-0.58217138981965
-0.557466337047776,2.40250536465977,0.0780848977006855
-0.608212942692764,0.0627907322259418,-0.420324213019682
0.2052892,-0.2492587,0.001827805
-0.3456608,0.353296,1.070827
1.84736485100532,2.10952766675572,1.4564557151354
1.55360671845832,0.0692424984030605,-1.91376021263523
0.613932615989172,1.49768705213039,1.14226576126847
-0.314693780567995,-0.933248492074612,0.163248432907026
0.637246,0.3919702,-0.1001896
1.955595,0.1920502,0.2843463
-1.952545,-0.2023298,0.1845837
-0.90069567841836,0.197866125005618,0.140776922288313
0.3222792,-1.274727,1.240463
-0.217555,-0.519698,-0.3908049
0.78448975574318,0.95720490692943,-1.79359420104981
-0.637571512694836,0.0470740116909716,0.14667050543599
-0.3773795,1.097512,-0.3298274
0.2376885,-1.936183,-0.9770075
2.08283176444733,0.891323958724589,0.0545844168196955
-0.696496,0.8795426,1.476386
-0.9264982,1.457396,0.06675632
0.872598755727517,1.02023882036231,0.361903784335241
0.07447802,0.491997,0.6261176
-0.578073704848869,1.02501183950623,-0.6883236234003
-0.4902026,-0.07504687,0.1143848
0.2270079,0.9134183,0.6517602
-0.1028232,-0.7244974,-0.8869299
0.689992914832818,-1.99136758323547,1.44673530058773
0.4146194,0.1564978,-1.405573
-0.24852,0.2093216,-0.1581228
-0.0908831745864247,-0.599161080925928,0.502126164761682
0.901937431714346,0.306740763719178,0.958940293595989
0.73571556268414,-1.19769082262158,0.268312219781031
1.247067,0.4201867,1.816478
1.12162413813158,-0.417553971670076,-1.1999497548852
1.336231,-0.4894417,1.096287
1.1529979674649,0.403928079403651,-0.249880332366351
-1.46006111665921,-1.31062504609736,-0.56300748701567
-0.414460074242564,-1.42299309820703,2.0777366397017
0.775686605191165,-0.756748387791196,1.62342943499587
1.20566334356732,2.11840792059303,-1.89704194685024
-1.013552,-1.047797,-1.621165
-1.20245219202113,0.753011992839089,-1.27609409511787
0.405419378028101,-0.544760873432462,0.607824392904941
0.52280662920561,1.15523681436661,-0.431829219136567
0.9628182,-0.374698,-0.1462097
